{
	"format_version": "1.8.0",
	"animations": {
		"animation.firefly_purple_jar.fly": {
			"loop": true,
			"animation_length": 5.15,
			"bones": {
				"root": {
					"scale": 1.6
				},
				"fly1": {
					"rotation": {
						"0.0": [0, 0, 0],
						"0.25": [-15, 30, 0],
						"0.5": [-32.5, 70, 0],
						"0.75": [-61.5, 70, 0],
						"1.0": [-106.5, 70, 0],
						"1.25": [-149.5, 70, 0],
						"1.5": [-174.5, 55, 0],
						"1.75": [-204.5, 55, 0],
						"2.0": [-222.5, 55, 0],
						"2.25": [-277.5, 55, 0],
						"2.5": [-307.5, 55, 0],
						"2.75": [-318.48, 34.66, 0],
						"3.0": [-329.45, 13.31, 0],
						"3.25": [-331, -26.27, 0],
						"3.5": [-337.41, -116.71, 0],
						"4.0": [-341.22, -180.59, 0],
						"4.5": [-358.39, -258.59, 0],
						"5.15": [-360, -360, 0]
					},
					"position": {
						"0.0": [0, -3, 0],
						"0.25": [0, -3, -0.5],
						"0.5": [-0.47552, -2.67762, -0.67307],
						"0.75": [-1.23811, -2.10855, -0.94593],
						"1.0": [-1.04315, -1.75487, -0.87835],
						"1.25": [-0.83613, -1.61698, -0.80212],
						"1.5": [-0.46585, -1.58166, -0.66382],
						"1.75": [-0.20581, -1.83687, -0.47501],
						"2.0": [-0.02882, -2.04268, -0.35313],
						"2.25": [0.35469, -2.30355, -0.08064],
						"2.5": [0.46035, -2.78151, -0.00273],
						"2.75": [0.26011, -3.20515, -0.33239],
						"3.0": [0.24117, -3.20663, -0.59595],
						"3.25": [0.24117, -3.20663, -0.59595],
						"3.5": [0.43845, -3.32619, -0.20759],
						"4.0": [0.19255, -3.56845, 0.72327],
						"4.5": [0.11, -3.32, 0.41],
						"5.15": [0, -3, 0]
					},
					"scale": {
						"0.0": [0.3, 0.3, 0.3],
						"5.15": [0.3, 0.3, 0.3]
					}
				},
				"wing": {
					"rotation": {
						"0.0": [0, 0, -35],
						"0.05": [0, 0, 0],
						"0.1": [0, 0, 35],
						"0.15": [0, 0, 0],
						"0.2": [0, 0, -35],
						"0.25": [0, 0, 0],
						"0.3": [0, 0, 35],
						"0.35": [0, 0, 0],
						"0.4": [0, 0, -35],
						"0.45": [0, 0, 0],
						"0.5": [0, 0, 35],
						"0.55": [0, 0, 0],
						"0.6": [0, 0, -35],
						"0.65": [0, 0, 0],
						"0.7": [0, 0, 35],
						"0.75": [0, 0, 0],
						"0.8": [0, 0, -35],
						"0.85": [0, 0, 0],
						"0.9": [0, 0, 35],
						"0.95": [0, 0, 0],
						"1.0": [0, 0, -35],
						"1.05": [0, 0, 0],
						"1.1": [0, 0, 35],
						"1.15": [0, 0, 0],
						"1.2": [0, 0, -35],
						"1.25": [0, 0, 0],
						"1.3": [0, 0, 35],
						"1.35": [0, 0, 0],
						"1.4": [0, 0, -35],
						"1.45": [0, 0, 0],
						"1.5": [0, 0, 35],
						"1.55": [0, 0, 0],
						"1.6": [0, 0, -35],
						"1.65": [0, 0, 0],
						"1.7": [0, 0, 35],
						"1.75": [0, 0, 0],
						"1.8": [0, 0, -35],
						"1.85": [0, 0, 0],
						"1.9": [0, 0, 35],
						"1.95": [0, 0, 0],
						"2.0": [0, 0, -35],
						"2.05": [0, 0, 0],
						"2.1": [0, 0, 35],
						"2.15": [0, 0, 0],
						"2.2": [0, 0, -35],
						"2.25": [0, 0, 0],
						"2.3": [0, 0, 35],
						"2.35": [0, 0, 0],
						"2.4": [0, 0, -35],
						"2.45": [0, 0, 0],
						"2.5": [0, 0, 35],
						"2.55": [0, 0, 0],
						"2.6": [0, 0, -35],
						"2.65": [0, 0, 0],
						"2.7": [0, 0, 35],
						"2.75": [0, 0, 0],
						"2.8": [0, 0, -35],
						"2.85": [0, 0, 0],
						"2.9": [0, 0, 35],
						"2.95": [0, 0, 0],
						"3.0": [0, 0, -35],
						"3.05": [0, 0, 0],
						"3.1": [0, 0, 35],
						"3.15": [0, 0, 0],
						"3.2": [0, 0, -35],
						"3.25": [0, 0, 0],
						"3.3": [0, 0, 35],
						"3.35": [0, 0, 0],
						"3.4": [0, 0, -35],
						"3.45": [0, 0, 0],
						"3.5": [0, 0, 35],
						"3.55": [0, 0, 0],
						"3.6": [0, 0, -35],
						"3.65": [0, 0, 0],
						"3.7": [0, 0, 35],
						"3.75": [0, 0, 0],
						"3.8": [0, 0, -35],
						"3.85": [0, 0, 0],
						"3.9": [0, 0, 35],
						"3.95": [0, 0, 0],
						"4.0": [0, 0, -35],
						"4.05": [0, 0, 0],
						"4.1": [0, 0, 35],
						"4.15": [0, 0, 0],
						"4.2": [0, 0, -35],
						"4.25": [0, 0, 0],
						"4.3": [0, 0, 35],
						"4.35": [0, 0, 0],
						"4.4": [0, 0, -35],
						"4.45": [0, 0, 0],
						"4.5": [0, 0, 35],
						"4.55": [0, 0, 0],
						"4.6": [0, 0, -35],
						"4.65": [0, 0, 0],
						"4.7": [0, 0, 35],
						"4.75": [0, 0, 0],
						"4.8": [0, 0, -35],
						"4.85": [0, 0, 0],
						"4.9": [0, 0, 35],
						"4.95": [0, 0, 0],
						"5.0": [0, 0, -35],
						"5.05": [0, 0, 0],
						"5.1": [0, 0, 35],
						"5.15": [0, 0, 0]
					}
				},
				"wing2": {
					"rotation": {
						"0.0": [0, 0, 35],
						"0.05": [0, 0, 0],
						"0.1": [0, 0, -35],
						"0.15": [0, 0, 0],
						"0.2": [0, 0, 35],
						"0.25": [0, 0, 0],
						"0.3": [0, 0, -35],
						"0.35": [0, 0, 0],
						"0.4": [0, 0, 35],
						"0.45": [0, 0, 0],
						"0.5": [0, 0, -35],
						"0.55": [0, 0, 0],
						"0.6": [0, 0, 35],
						"0.65": [0, 0, 0],
						"0.7": [0, 0, -35],
						"0.75": [0, 0, 0],
						"0.8": [0, 0, 35],
						"0.85": [0, 0, 0],
						"0.9": [0, 0, -35],
						"0.95": [0, 0, 0],
						"1.0": [0, 0, 35],
						"1.05": [0, 0, 0],
						"1.1": [0, 0, -35],
						"1.15": [0, 0, 0],
						"1.2": [0, 0, 35],
						"1.25": [0, 0, 0],
						"1.3": [0, 0, -35],
						"1.35": [0, 0, 0],
						"1.4": [0, 0, 35],
						"1.45": [0, 0, 0],
						"1.5": [0, 0, -35],
						"1.55": [0, 0, 0],
						"1.6": [0, 0, 35],
						"1.65": [0, 0, 0],
						"1.7": [0, 0, -35],
						"1.75": [0, 0, 0],
						"1.8": [0, 0, 35],
						"1.85": [0, 0, 0],
						"1.9": [0, 0, -35],
						"1.95": [0, 0, 0],
						"2.0": [0, 0, 35],
						"2.05": [0, 0, 0],
						"2.1": [0, 0, -35],
						"2.15": [0, 0, 0],
						"2.2": [0, 0, 35],
						"2.25": [0, 0, 0],
						"2.3": [0, 0, -35],
						"2.35": [0, 0, 0],
						"2.4": [0, 0, 35],
						"2.45": [0, 0, 0],
						"2.5": [0, 0, -35],
						"2.55": [0, 0, 0],
						"2.6": [0, 0, 35],
						"2.65": [0, 0, 0],
						"2.7": [0, 0, -35],
						"2.75": [0, 0, 0],
						"2.8": [0, 0, 35],
						"2.85": [0, 0, 0],
						"2.9": [0, 0, -35],
						"2.95": [0, 0, 0],
						"3.0": [0, 0, 35],
						"3.05": [0, 0, 0],
						"3.1": [0, 0, -35],
						"3.15": [0, 0, 0],
						"3.2": [0, 0, 35],
						"3.25": [0, 0, 0],
						"3.3": [0, 0, -35],
						"3.35": [0, 0, 0],
						"3.4": [0, 0, 35],
						"3.45": [0, 0, 0],
						"3.5": [0, 0, -35],
						"3.55": [0, 0, 0],
						"3.6": [0, 0, 35],
						"3.65": [0, 0, 0],
						"3.7": [0, 0, -35],
						"3.75": [0, 0, 0],
						"3.8": [0, 0, 35],
						"3.85": [0, 0, 0],
						"3.9": [0, 0, -35],
						"3.95": [0, 0, 0],
						"4.0": [0, 0, 35],
						"4.05": [0, 0, 0],
						"4.1": [0, 0, -35],
						"4.15": [0, 0, 0],
						"4.2": [0, 0, 35],
						"4.25": [0, 0, 0],
						"4.3": [0, 0, -35],
						"4.35": [0, 0, 0],
						"4.4": [0, 0, 35],
						"4.45": [0, 0, 0],
						"4.5": [0, 0, -35],
						"4.55": [0, 0, 0],
						"4.6": [0, 0, 35],
						"4.65": [0, 0, 0],
						"4.7": [0, 0, -35],
						"4.75": [0, 0, 0],
						"4.8": [0, 0, 35],
						"4.85": [0, 0, 0],
						"4.9": [0, 0, -35],
						"4.95": [0, 0, 0],
						"5.0": [0, 0, 35],
						"5.05": [0, 0, 0],
						"5.1": [0, 0, -35],
						"5.15": [0, 0, 0]
					}
				}
			},
			"particle_effects": {
				"0.0": {
					"effect": "purple",
					"locator": "locator"
				},
				"0.5": {
					"effect": "purple",
					"locator": "locator"
				},
				"1.0": {
					"effect": "purple",
					"locator": "locator"
				},
				"1.5": {
					"effect": "purple",
					"locator": "locator"
				},
				"2.0": {
					"effect": "purple",
					"locator": "locator"
				},
				"2.5": {
					"effect": "purple",
					"locator": "locator"
				},
				"3.0": {
					"effect": "purple",
					"locator": "locator"
				},
				"3.5": {
					"effect": "purple",
					"locator": "locator"
				},
				"4.0": {
					"effect": "purple",
					"locator": "locator"
				},
				"4.5": {
					"effect": "purple",
					"locator": "locator"
				},
				"5.0": {
					"effect": "purple",
					"locator": "locator"
				}
			}
		}
	}
}